2062	NOPE S.R.L.
1552	VALCO GROUP S.R.L.
1557	FORSAH SERVICE 28 SRL
1235	EMMEVIZETA SRL
196	CONF.FRANCE DI CONTE FRANCO
1899	MARY FASHION S.P.A.
1560	YELLOW S.R.L.
1256	IMATEX SPA
1837	CREA-SI SAS DI TREVISANI MARIA E C.
1234	NESATEX SRL TESSUTI A MAGLIA DI FIBRE N.
1092	SPAZIOSEI S.R.L.
1912	THE PLAY S.R.L.
1541	CAMAC ARTI GRAFICHE S.R.L.
1272	ANNAPURNA SRL
1374	DALLA BENETTA SCHIANTARELLI SPA
753	ZEN S.R.L.
8	CONF.GAMMA S.R.L. unipersonale
1016	MAGL.MAGREB S.P.A.
2099	FOCUS PULL S.R.L.
1512	MAGLIFICIO MODA IN DI VITALI MARIO
998	ALECO SRL
1671	A.N. MODA DI POGGIASPALLA ANTONIO
967	VIEW DI MONICA CRESTAN
1275	SI.MI.RA FASHION SPA
1587	MANIF.RIESE SPA
1090	CREAZIONI PADUS S.R.L.
2190	EFFEBI MAGLIERIE SRL
2159	ART DESIGN S.R.L.
2496	SPAZIO MODA SRL
1037	SISTEMA MODA S.R.L.
2201	LASER STYLE ITALIA SRL
2170	TESSMA S.R.L.
1484	SIMEG S.R.L.
558	MAGLIERIE MAROBE S.R.L.
1661	MAROBE S.R.L.
1113	KISS FASHION S.R.L.UNINOMINALE
2550	MAGLIFICIO PEVE SRL
895	SYSTEM SERVICE S.R.L.
1179	DOMINAE SRL
1089	ROOM 111 SRL
1150	OSLO SRL
1292	CON.FI SNC
1460	CON.FI FASHION SERVICE S.R.L. UNIPERS.
1384	ANTORAF S.R.L.
526	OBERALP S.P.A.
1396	DRESS LINES S.R.L.
736	MARLON S.R.L. CONF.
1114	GUY ROVER S.R.L.
730	MAEL DI MAZZERACCA ELENA
418	PHILTEEN TRADING S.R.L.
1592	MAGLIFICIO MONIA SAS
1614	MAGLIFICIO B.M. BY MARIO BIZZOTTO S.R.L.
1845	F.LLI CAMPAGNOLO S.P.A.
1414	EDILSPORT SPA
1201	CIONTI S.R.L
6	NEW ITALY LTD & C. S.R.L.
1193	TAPA-TAPA di S.FONTANA
1878	COLANTONIO FABRIZIO S.R.L.
1430	CAMPLIN DI MATTEO BRESSAN
1643	PELLETTERIA PRATESE SAS DI CAMBI MARIA&C
1420	FOSTER SPA
1185	BONATO S.R.L.
807	GRUPPO FRANCO ZICHE S.P.A.
1266	FORTE FORTE SRL
879	ALEXANDER S.N.C di Gregori Alessandro
1962	GHERARDI S.R.L.
2037	ZAC SRL
825	GROTTO S.P.A.
784	GROTTO SPA
741	GROTTO SPA LAB.
1284	.BLU&BLU FASHION STYLE DI PONCINA MICH.
1593	TOD'S SPA
1359	MA.NI.CA SNC DI GALLIANO CAMILLO&C.
1883	PAMAR S.N.C. DI PAMIO VITTORINO, BRUNO,
1399	BE MANNER S.R.L.
31	FRABO SRL
248	PROGETTO MODA-CONS.ART.
898	RICAMITALIA SNC di Miotto bRUNO & C.
1559	OFFICINA 3 S.R.L.
1177	MODA FASHION S.R.L.
1889	G.S.T. S.R.L.
1393	M.R. COMPANY S.R.L.
1391	PRIMA S.R.L.-UNINOMINALE
2138	STUDIO IMMAGINE SRL
1720	LUCA RODA S.R.L.
1881	TOP MARKET S.R.L.
1291	CS PRODUCTION SRL
1285	DI.MO SRL
1100	MARCO REARDI DI LUNARDI SERGIO
165	BADUINO S.A.S.
623	ALBERTO BIANI S.P.A.
1707	G & G DI GALDIOLO FABRIZIO
1148	AGOS S.R.L. MODA UOMO
1568	LE TRICOT PERUGIA S.P.A.
612	TESSIL WAY S.R.L.
1270	MODE NOW SRL
1249	ONE WAY S.R.L.
591	CAPE HORN S.R.L.
836	GIACOMO NOVELLO S.R.L.
426	MAGL.MARCHESAN S.R.L.
1449	PROGETTI CONTEMPORANEI S.R.L.
1505	HALIBUT S.R.L.
373	G.C.P.  SRL
667	EINSTEIN S.P.A.
2075	ICAM S.R.L. SOCIETA' UNIPERSONALE
1052	AELLE MODA S.R.L.
1110	EDI.CON S.R.L.
1401	ONLY T-SHIRT S.R.L.
1298	CONFEZIONI DUE EFFE SRL
1250	FABIANA FILIPPI SPA
1880	DALESSANDRO SRL
1597	MAXIMA SRL
1271	"44" DI TISO RENATO
1857	SARTORIA PADOVANA S.R.L.
2049	GTA MODA S.R.L.
1631	MAVET S.R.L.
1322	ROSY GROUP SRL
1333	A&G TRADING SNC
855	MAGL.CIEFFE SRL
662	NIKI CONFEZIONI SRL
416	MAKING S.A.S.DI PERRARO CARLO &C.
1673	ABC S.R.L.
2226	SERIHOUSE SNC
1406	CAMOX SRL
1146	AESSE PROJECTS S.R.L.
1691	MAGLIFICIO MARE S.R.L.
1885	SOMMA & C S.R.L.
1261	T.R.S. EVOLUTION SPA
1419	COMPAGNIA DEL DENIM S.R.L.
2275	MAGLIFICIO RODES SRL
2238	STUDIO CATALDI GROUP SRL
2311	ESSERE SRL
269	MANILA S.R.L.
26	G. AND B. S.R.L.
102	FA RICAMI S.R.L.
1956	ONE COMPANY S.R.L. UNIPERSONALE
2110	LAB S.R.L.
1915	STUDIO VALERIO GROUP & C SNC
2113	ROBERTO VALERIO & C. S.N.C.
1325	PINO COVINO SRL
2305	INCOMO SRL
1452	FEYEM S.P.A.
1124	ROMANO SPA INDUSTRIE ABBIGLIAMENTO
1368	BABY FRANCK DI FRANCESCO BAFFETTI
508	COMPRESSORI AIRCOMP SNC
84	MAGL.ROVER S.R.L.
25	VAPORTEX NUOVA S.R.L.
952	ZANETTI MODA S.R.L.
1556	BETA S.P.A.
1142	GLENFIELD S.R.L. (Socio Unico)
147	MARIO MARI S.R.L.
1162	ARTEMISIA S.R.L.
737	MERCANTI VENETI SRL
537	SPORTSWEAR COMPANY S.P.A.
1218	BLACK STORE SRL
1181	JOSEPH BABY S.R.L.
402	OFFSHORE ITALIA S.P.A.
1074	CORATEX JEANS AND FASHION
2072	CHIROS INDUSTRIE ABBIGLIAMENTO S.R.L.
602	TESSIL CONTROL SYSTEM SRL
899	PIBITEX SNC DI BALDISSEROTTO PIERO & C.
2097	BERRETTIFICIO FRAMAR S.R.L.
1086	KLIMA S.R.L.
1085	PATTERN S.R.L.
1136	PATTERN PRODUCTION SRL
1227	PATTERN SPA
236	INTERNATIONAL COMPANY SRL
729	POZZI CONFEZIONI S.P.A.
1849	ITALIA D'OC S.R.L.
890	PARIS MODE S.P.A.
2	INTERPOOL S.P.A.
1206	COVER ITALIA S.R.L.
1247	WALMODE SRL
833	TASCI S.R.L. SOCIO UNICO
1909	TEC BY TEX SRL
1803	EVA MOS SRL
2521	DRESSING DIFFUSION S.R.L.
1637	G.M. STUDIO S.R.L.
1678	DESY S.A.S. DI VALLE G.& C.
2090	PELLEMODA SRL
1954	LEOMASTER S.P.A.
2290	FABRITEX S.R.L. TESSITURA JACQUARD
2085	MATIA S.R.L.
1791	SPAZIO 11 S.R.L.
1694	AREA B S.P.A.
351	MABITEX S.P.A.
1660	SAN MAURO FASHION S.R.L.
1347	PROMEMORIA MODA SRL
1765	OFFICINA MODA ITALIA S.R.L.
1734	F.A.M.A.R. SRL
2231	GRUPPO M.G SRL
1246	LUIS TRENKER SRL
1321	CONFEZIONI ARCOBALENO DI WU HAIHONG
1001	IDEA HOLDING SRL
1252	BRIGITTE INDUSTRIE S.P.A.
565	CREAZIONI BRIGITTE S.P.A.
1274	BRIGITTE INDUSTRIE S.P.A.
1502	BRIGITTE INDUSTRIE S.R.L.
1842	MANIFATTURE BELLET S.P.A.
809	FLASH & PARTNERS S.P.A
1119	FLASH & PARTNERS S.P.A.
1638	EQUILINE S.R.L.
1677	ALTEO SRL
2166	MODA FLASH SRL
1432	COSI'COM'E' DI ANTONELLA VECCHIATO
1594	MIND S.R.L.
538	DRESSING S.P.A.
1004	DRESSING S.P.A. CAMP.
2251	ST INTERNATIONAL S.R.L.
1263	AESSE S.R.L.
1138	EMI MAGLIA SPA
1378	LA PONY CONFEZIONI S.N.C. DI BARBATO & C
2327	IDEA MODA SRL
1612	QUADRIFOGLIO S.R.L.
2175	SHAKER S.R.L.
378	CONF.REGINA DI GUALTIERO P. & C. SNC
2107	FREUDENBERG PERF.MATERIALS APPAREL S.A.S
2120	WHITE S.R.L.S.
1345	FLAITEX SRL
1031	ELISA CREAZIONI SRL
888	ABC MODA SAS di Peroni Damiano, Paolo &c
531	PRODUZIONE & PROGRESSO S.R.L.
95	PROTEA SRL
460	DAINESE S.P.A.
101	MAGL.EMMEVIZETA S.A.S.
846	MODA5 S.R.L.
1238	AGAIN SRL UNIPERSONALE
224	SALGARI S.R.L.
1118	MONTEBELLO S.R.L.
2002	ALBERTO ASPESI & C. S.P.A.
1283	MAGLIFICIO ROSSI IDEE MODA SRL
1663	AUTHENTIC GOODS FIRM DI LUCA BELLEI
1190	GREENTEX S.R.L.
1221	PONTEX SPA
1569	G.D.P.  S.R.L.
2054	NUOVO RAMMENDO S.R.L.
1966	MAS S.R.L.
121	SINERGY GROUP SRL
1257	ANTRESS INDUSTRY SPA
1115	LINEA UNO S.A.
1754	NEW CHARLESTON S.R.L.
1871	NEGOZI PELLIZZARI S.R.L. UNIPERSONALE
674	REGINA S.R.L.
1654	GARMON S.P.A.
1758	SPACE 2000 S.P.A.
1843	OWENSCORP ITALIA SPA
1817	OWENSCORP ITALIA S.R.L.
2224	JIL SANDER S.P.A.
2613	PORTS 1961 ITALIA SRL
2435	SSHEENA S.R.L.
1344	LA MAISON SRL
709	NEW MARBAS S.P.A.
2607	LAURELS WORKWEAR STUDIOS SRL
2551	ZAMASPORT S.P.A.
1941	COTONIFICIO ALBINI S.P.A.
2056	ANTONIO TRICHILO
1701	EMMEGI S.R.L.
831	SPORTEX SRL
2453	CONTRARI SRL
2653	ITALIAN LIFESTYLE SRL SEMPLIFICATA
1364	JT INDUSTRIES SPA
1570	C&T S.R.L.
1787	KIM SERVICE DI MIRKO BERTOLA
1429	CIGIEFFE S.R.L.
2781	EFFE 2 STUDIO E CONFEZIONI S.P.A
1525	MAGLIFICIO GIORI DI MICCO&PANZERI S.N.C.
1749	LELLA CONFEZIONI DI CAIVANO FILOMENA
573	HOME MADE COMPANY SRL
1628	PROFILO DI MARENGO BRUNO&C. S.N.C.
1848	PROFILO S.R.L.
1339	RINASCIMENTO SRL
2131	ITA S.R.L.
1872	PANTALONIFICIO DURIO DI DURIO CRISTINA
2081	C & C FASHION SRL
1911	DINAM S.R.L.
1081	TIN.COM.S.R.L.
1770	COVER 50 S.P.A.
2392	GOLDEN EGGS SRL
1775	MAGLIFICIO VENEZIA SRL
1217	ERLIVIA SRL
1576	ALPI S.R.L.
1965	DHARMA SAS DI PADOAN MATTIA & C.
2547	BIANCO NELLY S.R.L.
2070	STRONG SRL
1831	TEXTUM SRL
2454	VIVIENNE WESTWOOD SRL
2590	AD MILANO SRL
1531	GIULIA GALANTI SRL UNIPERS.
719	PALMISLE S.R.L.
1279	GREEN STAR S.R.L.
1680	MAGLIFICIO DEMARTIN MARTA S.N.C.
925	TOUCH S.R.L.
2163	LEPOOL DIFFUSION S.R.L.
2395	ETIELLE SRL - UNIPERSONALE
1195	NOCESE MANIFATTURE SRL
2282	MODA ITALIA SRL UNIPERSONALE
1424	CENTOTEX SRL
1902	PIU' RITMO DI VANIA MAISTRO
1664	DIMORHA S.R.L.
2022	ZERO 1 S.R.L.
2364	VOLCAR SRL
1029	NONSOLOMODA S.R.L.
1822	F2 S.R.L. UNIPERSONALE
1465	SIAM HANDELS S.R.L.
1873	B.P.L. DI ZAPPON P.& C SNC
710	XT S.R.L.
847	CONF. MELOGRANO S.N.C. DI MARSETTI & C.
1625	OBLO' RICAMI S.R.L. UNIPERSONALE
1802	DQD MODE DI DIQUIGIOVANNI DANIELA
2525	APPLICO S.R.L.
1225	CARELLA SRL
2340	PARAJUMPERS SPA
2388	MAGLIFICIO INNOCENTI SPA
983	XAVIER di Rebellato F.e Patruno A.M.snc
1700	SKYLINE SRL
2514	RIART S.R.L.
1233	MANIFATTURE 7 BELL SPA
1260	TESSIL FORM SPA
1324	ESSECI CONFEZIONI SRL
2206	ALLIGALLI SRL
1486	OLMAR AND MIRTA S.R.L.
1667	OLMAR AND MIRTA S.P.A.
781	MANIF.BOSCHI SRL
1357	GAUDI TRADE SPA
1955	MAGLIFICIO PATEN SRL
1577	MAN SOCKS ITALIA SRL
2017	GIEMME BRANDSCORPORATE S.P.A.
1365	MAGLIFICIO CHIEMAR S.R.L.
1993	MODA CONF SRL
1385	AURORA CONFEZIONI S.A.S.
2122	POINT TRICOT S.R.L.
1278	MAGLIFICIO FMF SPA
2179	LOMA S.P.A.
1780	WOOL TIME SRL
1480	VALE S.R.L.
1684	FANNY S.R.L.
1897	MAGLIFICIO DI VERONA SRL
2147	CET S.R.L.
2228	DIVINA MODE SRL
1641	SOKKER DI ONEDA MASSIMO
1551	MALIMA S.R.L.
1702	FUSION LAB SRL
2412	SUNFLOWER STYLE SRL
1394	ISIT S.R.L.
1470	KOSTNER S.R.L.
1496	MAGLIFICIO ALIZ S.R.L.
1492	BRUNELLESCHI SRL
772	MEETING GROUP S.P.A.
2562	ESSE S.R.L.
1305	LASETTE SRL
1498	ISKO S.R.L.
1348	L.A.SERVICE SAS DI PASSARELLA LUCIO&C.
1515	MGS S.R.L.
1633	SAMMA S.R.L.
1659	MOVIMODA S.P.A.
1501	KOBRA S.R.L.
1314	COLIBRI'SNC DI BALBONI DENIS&BALBONI M.
1986	MMW S.R.L.
1632	VALIA S.R.L.
1914	MAGLIFICIO PO SRL CON SOCIO UNICO
1248	SILKY SRL
1724	MICHELI EMILIO S.A.S.
2464	CASTOR S.R.L.
2250	D&O TRADING S.R.L.
1007	MAVECON SRL
1194	MARTINICA BELTS SRL
2025	WOODEN S.R.L.
2144	BRUNO'S S.R.L.
1405	RIBBONTEX S.R.L. UNINOMINALE
1436	SNAFU DESIGN DI DALL'AGLIO ALBERTO
1513	GGZ S.R.L.
1852	BRAND STYLE SRL
670	RIGOMAR S.R.L.
1622	CONFEZIONI LUCIA DI MANFRIN ROSA
1327	CDM SERVICE SRL
1772	NUOVA RIGOMAR S.R.L.
1174	FASHION TEAM SRL
1829	G. E G. SRL
2155	GLAM SRL
2187	PELLEGRINELLI SRL
2217	ROTA S.R.L.
1801	MAGLIFICIO LB SRL
1304	HARMONT & BLAINE SPA
1219	MEDITERRANEA SRL
1433	THE EDGE TRADE S.A.S.
1913	CIVICOQUATTRO DI ORIETTA MARCON
1095	BACKER & TELVE S.R.L.
2339	INTERSOCKS S.R.L. A SOCIO UNICO
1670	LA COCCINELLA S.R.L.
1353	O.C.M.DI OLZI MARLA CARLA&C. SNC
1296	STUDIO DI CINQUE SRL DI CAMPESE DANIELA
776	LA ROSA S.P.A.
1996	UNO MAGLIA SPA
2153	SPACE FASHION SRL
2501	GRUPPO DONDI S.P.A.
1413	WP LAVORI IN CORSO S.R.L.
1553	MODAITALIA S.R.L.
2408	BLUE LINE PROJECT SRL
1310	STIVAL S.P.A.
1518	STIVAL S.R.L.
1974	MORGANO S.R.L.
1683	MESTRINER SRL
2223	NOTORIUS DI MICHELETTI S.R.L.
966	MANIF. O.ARCOLIN SPA ind.maglierie
1171	TRERE' S.R.L. HOSIERY INNOVATION
1319	INNOVATION SRL
149	PESPOW CONFEZIONI S.P.A
1575	CONFEZIONI ORAZIO S.N.C.
718	L.&P.COMPANY S.R.L
822	AIRLINE SRL
1205	NILVIA S.N.C.
969	DYNAMIC JEANS MANIFATTURE S.R.L.
1381	EB S.R.L. PROJECTS & FASHION STYLE
571	CONFEZIONI NEW ENERGY DI MASO D.& C. SNC
1329	CONFEZIONI DREAM DI PARAZZOLO DINA
221	NUOVA TAELA S.P.A.
1269	SO.GE.TEX SRL
616	MAGLIFICIO FIBO S.R.L.
1464	ROSY GROUP DI POLILO VINCENZO
1230	ENTERPRISE SRL
1203	C.D.A. S.R.L.
1242	CONVERSE ITALIA SRL
522	ITALSERVICES S.P.A.
963	ITALSERVICES S.P.A. CAMP.
937	ETROS SRL
1211	MAGLIFICIO ADELE SOC. COOP.
1506	DEKEN'S S.R.L.
830	DADA CASALI S.N.C. DI PIETRIBIASI G.& C.
1573	SARTORIA MALASPINA DI MALASPINA PASQUALE
760	MC ADAMS SPA
850	C.N. DISTRIBUTION SRL
44	EVENTI S.R.L.
1107	VIA DEL CORSO S.R.L.
1143	WAIP WE ARE ITALIAN PEOPLE SRL
1574	W.A.I.P. SNC DI PIANALTO SEVERINO & C.
1823	CARLO BONOMI 1860 DIV.DELLA EIT S.R.L.
1984	MOCREAL S.R.L.
229	MAGL.BI.MA.TEX SNC DI BIDESE MADDALENA
2078	SEM MANIFATTURE S.R.L.
375	DINO CONFEZIONI S.R.L.
2323	JEIKO S.R.L.S. UNIPERSONALE
1088	COVER 50 SRL
1104	CONF.CICALA DI GIRALDO ENZO & C. S.N.C.
546	CONF.SUPERGIN S.P.A.
1108	1955 S.R.L.
1117	GALLO ALESSANDRO S.R.L.
1048	MANIF.DI PADOVA SRL
1294	CACCIAVILLANI WORKS SNC
1619	ERATO S.R.L.
307	NUOVA THE FAMILY S.N.C. DI MATTIELLO
1456	FOR HORSES S.R.L.
2067	A&T SRLS
2129	SHU S.R.L.
1890	SARTORIE DRC S.R.L.
714	LARUS MIANI S.P.A.
1418	NEW EVENTI SRL
949	MAJOR CONFEZIONI SRL
167	TESSPORT S.P.A.
1907	BASSO LEATHER DI BASSO DOTT. MATTEO
320	G.B. INTERNATIONAL S.P.A.
870	TAM & COMPANY S.P.A. (PROTOTIPI)
1441	MAGLIFICIO SELENE S.R.L. UNIPERSONALE
859	QUIBOS S.R.L.
1243	MACLIV SRL
2076	EVABI S.R.L.
627	MANIF.VICENTINE SRL
1338	IMMAGINE SRL
992	NOI DOI SRL
646	CREAZIONI TINA S.R.L.
1487	CONCERIA PRIANTE S.P.A.
1098	IL CLICHE' S.A.S
572	ZANEBET SRL Unipersonale
893	EUROTRADE S.R.L. CAMP.
1376	YASMIN NAQVI S.R.L.
1182	MITHO S.R.L.
2369	FREE STYLE SYSTEM SRL
659	AURORA STYLE SPA
1771	ERRETI S.R.L.
580	BON MARCHE' S.R.L.
505	MAGL.G.Z. S.N.C.
1847	MAGLIERIA GZ S.R.L.
1373	VCM SRL
2234	NINFEA S.R.L. UNIPERSONALE
2161	L'ARCA ABBIGLIAMENTO E SERVIZI SOC.COOP.
985	FUTURE SERVICE SRL
688	LOGITEX S.R.L. - UNIPERSONALE
1650	NST S.R.L.
1668	NST 2 SAS DI MICHIELON STEFANO,MAURO&C.
994	VIGANO' SRL
11	MAGL.CORTESE S.R.L.
1244	MAGLIFICIO FURLAN SRL
2397	SO SISTERS S.R.L.
1471	APONENSE S.R.L.
1315	MAGLIFICIO CONFEZIONI 3 CCC S.R.L.
1834	STYLE IN ITALY S.R.L.
2084	PROFASHION SRL
1824	APE & PARTNERS S.P.A.
397	HANDY BLUES S.R.L.
1863	ITALBRAND S.R.L.
1816	ITALIAN WORLD S.R.L. S.U.
1953	ITALIAN WORLD S.R.L.
1416	FILBON S.R.L.
2661	DUE ERRE SAS DI ROMAGNOLI GIACOMO &C.
1590	BRUNELLO CUCINELLI SPA
1697	LUZAN S.A.S. DI DAL BALCON FRANCESCO&C.
1609	SHIRT LAB SRL
1363	SKYWALTER SRL
936	SERITEX S.R.L.
2140	UP STUDIO S.A.S. DI ELENA FURLANI&C.
1862	PAUL S.P.A.
2104	ST PROTECT S.P.A.
1811	NTP ITALIA S.R.L.
1716	VICENZA PUBBLICITA' S.R.L.
384	TESSITURA SARTORI C.E.
828	ROSVAL DI DALLA VALLE MARIA ROSA
852	CONF.ORIS S.N.C. DI BINOTTO ROBERTA & C.
1745	EMERALD S.R.L.
1785	LAB DI LOVISON RESI
1876	TULIPANO NERO S.R.L.
7	CLEANTEX S.R.L.
873	TONELLO S.R.L.
1349	LUIGI PARISOTTO
1935	GIANFORT S.R.L.
1267	MMANIFATTURE SRL
1342	STUDIO PROGETTO SOC.COOP.SOCIALE ONLUS
2103	SAC.SO S.N.C. DI DONA' SOFIA & C.
1231	SPINAZZE' SRL
2493	SELF MAGLIERIA S.R.L.
2222	F.LLI VILLA S.R.L.
2578	VILCONF S.R.L.
1377	CATRIA CONFEZIONI S.P.A.
1499	SICIM S.R.L.
540	MAGL.DYNAMICO S.R.L.
2127	G.INGLESE S.R.L.S.
1026	WP ITALIA SRL
1389	STILL 95 S.R.L.
2359	STEFANO RICCI SPA
1994	MANI DEL SUD S.R.L.S.
1254	LIVIANA CONTI SRL
2074	ABRAHAM INDUSTRIES S.R.L.
1323	BEAUMONT SRL
1674	VETTORELLO FAUSTO
1776	ITALBIMBI SNC DI G.SORDI & C.
639	MARO'S S.P.A.
1137	SOBER ITALIA SRL
2142	DENIM PEOPLE SRL
1504	STYLE S.R.L.
1336	CREAZIONI DUEBI SAS
999	LATINO S.N.C. di Busolo Vilma & C.
2491	BLUE LINE EVOLUTION SRL
1116	MANIFATTURE DEL NEVOLA S.R.L.
2419	WAYCAP FACTORY SRL
2267	FACTORYCAP SRL
1946	DERNAMARIA S.R.L. UNIPERSONALE
1208	DORIA SERVICE S.R.L.
2045	ALMATEX 1972 S.R.L. SOCIETA' UNIPERSONAL
1786	M.I.B. MANIF.IN BASSANO DI ZANCHETTA M.
2532	"SABRY" MAGLIERIA S.R.L.
2019	ROMITO MANIFATTURE S.R.L.
2245	S.G.L. S.R.L.
2608	MAGLIF. VELA BLU DI COLUMELLA FILOMENA
1792	GIMA S.R.L.
1964	DUALPLAST SRL
2470	GAB GROUP S.R.L.
1744	POLARIS SRL
2367	DENIM S.R.L. SOCIO UNICO
1543	LUCIANO BARBETTA S.R.L.
2124	AEQUUS S.R.L.
1444	INCOM SPA
150	GUICONF S.R.L. - IN LIQUIDAZIONE
1932	CINELLISTUDIO S.R.L.
1453	STILMAN S.R.L.
1383	F.A.O. S.R.L.
1933	ELLE-EMME SRL
1202	PUNTO SPORT S.N.C.di PROCH G.e GRAZZI S.
1606	ELLE 5 S.R.L.
1669	SANT'AGATA CONFEZIONI SOC.COOP.
2216	MAGLIFICIO CAPELLI SRL
1651	TAMAN-FASHION CONFEZIONI SRL
1220	BARONI SPA
802	TRACKS s.r.l.
2291	GIAMP SRL
1407	GECONF S.R.L.
1281	CONFEZIONI MODI SPA
1463	PERCONFEZIONI S.R.L.
1375	MAGLIFICIO DA-NI SRL
1910	POLLINI S.P.A.
2459	MAXLINGE DI GIORGI FABRIZIO
1328	COTONIFICIO CARLO BONOMI SPA
1549	SARTORIE VICENTINE S.R.L.
1826	F.& F. SRL
2625	ESSETEX INTERNI SRL
2047	OTS S.R.L.
2297	MAX MODA SRL
2119	POVOLO S.R.L.
2043	GALLO TESSILE S.R.L.
2398	VIELLE SRL
2651	SARTO SRL
1564	MADE FOR CHINA S.R.L.
1879	WHITE SRL
1967	V.B.M. CONFEZIONI SNC
2239	D.A.T.E. SRL
2461	CONFEZIONI SIMMY S.R.L.
1882	MOORER S.P.A.
2654	MAISON ZILLI ITALI SRL
2563	BB SRL
2546	AUDES GROUP S.R.L.
2082	HADAM'S CREAZIONI S.R.L.
1973	BATTISTELLA SPA IND. MOBILI
1646	BORGOVENETO S.R.L.
2205	STELLA MCCARTNEY ITALIA S.R.L.
582	NUOVA CONFEZIONE S.R.L.
2309	B.Z. SRL A SOCIO UNICO
2473	D'AVANT - GARDE TRICOT S.R.L.
2137	REBBY CLOTHING SERVICE S.N.C. DI REBESCO
1917	ALLEGRINI CONFEZIONI S.R.L.
2574	SARTORIA ALLEGRINI SRLS
2664	CGM SRL
1998	ITALPRODUZIONI SRL UNIP.
1987	AMARANTA S.R.L.
2351	MA.RI.IT. SRL
2507	ARABA FENICE S.R.L. UNIPERSONALE
2371	TWICE SAS DI LIDIA ZORZI E C.
1417	MARITEX S.R.L.
2006	ARBPRO SRL UNIPERS.
930	MAGL.MILES S.P.A socio unico
2426	FBS S.R.L.
2246	ELSAMANDA SRL
2318	MANIFATTURA PAOLONI SPA
444	SELENIS SRL DI BATTAGLIA T. & C.
1223	TREMILA SRL
2471	RIBKNIT SERVICE SRL
1891	MAGLIFICIO TIELLE DI TARTAGLIA LORENA
2391	OPACO S.R.L.S.
1893	AZADORA S.R.L.
901	FGF INDUSTRY SPA
1508	COUTURE & COUTURE S.R.L.
2109	ETHICA S.R.L. UNIPERSONALE
1380	CONFEZIONI RAFFAELLA S.R.L.
446	GIADA S.P.A.
2188	BLUE SERVICE S.R.L.
2656	GIADA S.R.L.
2073	EREBUS SRL
607	TINTESS S.P.A.
2126	ROBERTO CORPINA SRL A SOCIO UNICO
1925	REHARD DISTRIBUZIONE S.R.L.
1686	OKIELLO SRL
1400	LEATHER'S LAB S.R.L.
2354	LEATHER'S LAB 21 S.R.L.
2041	CIEFFE SRL
2042	ANDREA BERTOLLO
2284	IV.AL. SRL
1071	ZANUSO S.R.L.
648	TAM & COMPANY S.P.A.
2567	LA FABBRICA SRL
17	MAGL. MARTA CAROLLO SRL
1777	STYLAB S.R.L.
53	FUN FACTORY S.A.S. di Crivellaro D. & C.
1800	IANUX INDUSTRY S.R.L. UNIPERSONALE
1838	UOMO PIU' ITALIA S.R.L.
1404	EMMEPI ITALIA S.R.L.
1412	GIMO'S ITALIANA SPA
2235	OLIMPIA S.R.L.
2497	RAIPAN S.R.L.
2424	NEW ESSE MAGLIERIA S.R.L.
474	TON CONFEZIONI S.N.C.DI TON T.&C.
2279	SLAM JAM S.R.L. UNIPERSONALE
2274	V.P. SHOES SRL
2571	MAGLIFICIO GI.CI.PI. SAS
2396	STORI B&C SRL
2370	SIAP SRL
1960	C.I.T. SPA
2413	BASE 34 SRL
2572	AIRONE S.R.L.
2549	INLIMITED S.R.L.
2579	MAGL. ORMA SNC DI BATTOCCHIO M. & C..
1789	PESPOW S.P.A.
2483	MINDSTREAM DI ZACCANTI ELISA
2460	APACHE FACTORY SRL
2401	IDEE PER IL TESSILE SRL
2519	ZAC FASHION SRL
2353	DNA S.R.L.
2441	GEVA MODA S.R.L.
2557	ABRAX SRL
2480	RGB S.R.L. SOCIETA' BENEFIT
2416	G.T.M. GRUPPO TESSILE MOLISANO SRL
1647	I.CO.MAN 2000 SRL
1764	0909 SRL
1617	TELAROSA S.R.L.
1943	CAMICIERIA E.MAFFEIS SRL
820	CREAZIONI MARIA ROSA S.R.L.
2326	BUBE CLOTHING COMPANY SRL
1698	BFC S.R.L.
1923	CAMICERIA SCAPIN S.R.L.
2102	STP S.R.L.
2243	TRAIANO S.R.L.
757	FORALL CONFEZIONI S.P.A.
2515	FORINT S.P.A.
2404	RAW LEATHER CO S.R.L.
2381	MOLO 2 SRL
1215	PENTA-MAGLIA SNC DI GOTTARDO &C.
2452	ANIMO SRL
2101	MAGLIFICIO MARILINA S.R.L.
2256	STYLE SRL
2262	CIEMMECI FASHION S.R.L.
2260	WOOL STREET S.R.L.
2255	CO.CIN.ELLA S.R.L.
2244	FENICE SRLS
2502	BEL TESSILE SRLS
1821	OPIFICIO SPORTIVO DI TURATO COSTANTINO
2447	MONNALISA SPA
592	IDEAL BLUE MANIFATTURE SPA
2034	INCOM SPA INDUSTRIA CONF MODERNE
1888	INTERNATIONAL PROMO STUDIO SRL
2610	INTERNATIONAL PROMO STUDIO SRL
2030	D-B GROUP S.R.L.
2031	BLOCKINDUSTRIE S.R.L.
2024	NAVY COUTURE S.R.L.
2008	TRIVENETO MODA S.R.L.
1475	MANIFATTURE DI FILOTTRANO S.R.L.
1317	CONFEZIONI BENETTI S.R.L.
2053	GOLDKNIT S.A.S. CONFEZIONI MAGLIERIA
1793	PRIMO SRL
443	GALLIA CONFEZIONI S.R.L.
1228	KINGS SERVICE SRL
2125	STAND 50 S.R.L.
2150	TEXO SRL
2171	MF1 S.R.L.
2315	MIRKO GROUP SRL
2469	BONSAI CLOTHING SRL
2472	ITTTAI S.R.L.
2527	FAMENGO GROUP S.R.L.
2191	MAGLIFICIO SEAN DI PASQUALE A.&C S.N.C.
1901	DI.CONF. SRL
2194	SA.GI. GROUP SRL
1904	ZETABI S.R.L.
1639	DUE S.R.L.
2173	FILANDA PRODUCTIONS S.R.L.
2612	ALTANA SOCIETA' BENEFIT SRL
2193	CREAZIONI ANTONELLA SRL
866	EUROTRADE S.R.L.
1869	BARENA VENEZIA S.R.L.
1877	CITILTEX S.R.L.
865	FASHION SERVICE SRL
1991	SCUDRERA SRL UNIPERSONALE
2605	NPA NUOVA PROTOT.ARTIG.SRL
2165	UMBRIA VERDE MATTIOLI SRL
2167	R.G. S.N.C.
2266	MELY'S MAGLIERIA S.R.L.
2600	GRUPPO FLORENCE S.R.L.
2503	DARK PARK S.R.L.
1451	WOOL GROUP S.R.L.
2361	DANIELE FIESOLI SRL
1415	MGS MAGL.GRAN SASSO S.P.A.
1367	POLETTI SRL CONF.ART.ABB.
622	MG BOY'S SPA
1458	FUTURA S.R.L.
1997	MG BOY'S S.R.L.
986	IL GUFO SPA
1748	NEW TWINS S.R.L.
2003	CONFEZIONI GRAZIA S.R.L.
2001	NORA R. SRL
2007	MARIC S.R.L.
2121	DUE S.R.L. A SOCIO UNICO
1985	M L GROUP S.R.L.
2490	L'ARTIGIANO DI MAURO ARDIRI
1898	FEEL BLUE S.R.L.
2185	CONFITEX SRL UNIPERSONALE
1874	PGN INTERNATIONAL S.R.L.
2545	CAMICERIA FRANCE SRL
1894	TESSILMAGLIA S.R.L.
2662	MAGLIFICIO DEGLI ANGELI SRL
1595	CALZATURIFICIO PERON S.R.L.
2270	ELEVEN SRL UNIPERSONALE
1509	SORTONI DI GASPARIN GIAN DOMENICO
332	QUINTA MODA S.R.L.
1362	TOMASI WORLD SRL
1438	BLUMI DI PRODAN ROBERTO
1514	BLU & BLU S.R.L.
1695	AQUADRO SAS
1766	IAGO DI VITALE GIOVANNA
1760	NASTRIFICIO DI SIGNORESSA S.R.L. UNIPERS
1690	LINDA SRL
1450	MENARDI S.R.L.
1640	SEDDA S.R.L.
1656	FASHION CONSULTING S.R.L.
1746	MATCHLESS LONDON S.R.L.
1334	DECO SRL
1747	CORSO ITALIA SRL A SOCIO UNICO
1927	CORSO ITALIA S.P.A.
2213	CAMICERIA BENZON S.A.S.
2618	PRIMA S.R.L.
1742	E.S. WEARING SERVICE S.R.L.
1599	MODA SRL
1827	RIEDIZIONE DI SARTOR LUCA & C. S.A.S.
3	CONF.CASTELLI S.P.A
1371	MAGLIFICIO MAPIER SRL
1157	FASHIONART SRL - SOCIETA'UNIPERSONALE
2492	FASHIONART S.P.A.
1600	G & G FASHION S.R.L.
1586	THE CUBE S.R.L.
1550	J.J.ONE S.R.L.
1012	LITEX S.R.L.
1756	LITEX DI MURAROTTO LISA
849	DISPLAY S.R.L.
1805	COMAN S.R.L.
536	A.M.D. S.N.C.DI D'INCA'D.& ZANDONADI M.G
1273	PIER SPA
1354	COMFORT SRL
1814	STUDIOUNDICI S.R.L. SOC.UNIPERSONALE
1833	G.& G. CONFEZIONI SNC
1421	LUCY'S LINE S.R.L.
2660	ALEA S.R.L.S. UNIPERSONALE
1409	IT'S NEWS S.A.S.
2534	MAGIC LINE S.R.L.S.
1101	ELLETI S.R.L.
1040	TESSILMAGLIA S.P.A.
1572	MARCONI SERVICE S.A.S. DI PIEROBON D&C.
1774	NST 2 SRL
1216	BLU DRY S.R.L.
1657	ON INDUSTRY S.R.L.
1988	MADE IN VENETO MANIFATTURE S.R.L.
2304	MIB INDUSTRY SRL
2436	STUDIO TESSILE S.R.L.
1293	RIMA SRL
1472	DYNAMIC S.R.L.
1482	NICOLUSSI S.R.L.
1579	CAGE MAGLIERIE S.P.A.
2261	CAGE MAGLIERIE S.R.L.
1810	ANIMA SRL
1483	M&P PARTNERS DI BASSETTO MAURIZIO
1621	NICOLA SCAGLIONE
1626	HERLINE STYLE S.R.L.
112	CONF.PESERICO S.P.A.
919	TOP & CO S.R.L.
1728	V.& V. SRL ITALIAN STYLE
1610	SARTORE BROS S.R.L.
2050	SARTORE S.R.L. UNIPERSONALE
1812	HERNO S.P.A.
1830	PENNY JEANS SRL
1718	G & G SERVICE S.R.L.
1580	KUFNER ITALIA S.R.L.
1809	V.E.D. SAS DI MARCHIORI SONIA & C.
2028	ANIMO S.R.L. SOCIETA' UNIPERSONALE
916	FORTE FORTE SRL
1836	BIG BROS SRL
613	CI.BE S.R.L.
1714	EFFETTO MAGLIA S.R.L.
1719	STRIP COTONE S.R.L.
1781	MAGLIFICIO COPY COMPANY S.R.L.
1706	CAST S.R.L.
1990	CRUNA S.R.L.
1448	TAYLOR S.R.L.
1537	SABRI DIVISIONE COMMERCIALE S.R.L.
1679	DIPARTIMENTO ITALIANO DESIGN S.R.L.
1540	SARPRINT S.R.L.
1447	ITHITEX S.R.L.
1788	ITHITEX S.A.S. DI DALLE CARBONARE D.& C.
1497	ITALMAGLIA S.N.C. DI GHETTI MAURIZIO & C
1999	MASSIMO GREGORI
2052	INCH STUDIO S.R.L.
1366	TIERRA S.R.L.
2259	ERREGI SERVICE S.A.S.
1402	GIEMME FASHION SERVICE SRL
2077	GEA FASHION S.R.L.
910	COTTON TREND SRL
1920	BLACK STONE SRL
2559	PRET A PORTER S.A.S. DI ZARDO CATIA & C.
525	G.T.A. MODA SRL
1214	QUETAL SRL
2400	VAGHI SRL
1737	B.& B. 82 SRL
2200	TENDENZE E SERVIZI SRL
2218	L.M. SRL
2197	TECNOTEX S.R.L.
2247	GROW DI ANDREA ANTONIAZZI
2264	ARGO S.R.L.
2273	MAGLIERIA SILMAR SNC DI GNOATO S. E BAGG
2263	TATRAS S.R.L.
2277	REVOLUTION COMPANY SRLS
2292	C. & S. S.R.L.
1948	J4YOU DI BERTONI STEFANO
1983	PUNTOVERDE INDUSTRIA CONFEZIONI S.R.L.
1981	DE.VI. INDUSTRIA TESSILE S.R.L.
697	AREA FASHION S.R.L.
2010	INCONTRO S.R.L.
2548	.NEXT_MODA SRLS
877	EVENT LINE S.R.L.
2095	USE S.R.L.
2117	SUPREMA S.R.L.
2115	ARCADIA S.R.L.
1709	SEI EMG S.R.L.
2172	MONTECRISTO SRL
2321	DUEPUNTI S.R.L.
1522	GRAPHI MODE SRL
2225	CONFEZIONI LAPORTA S.R.L.
2329	FISSORE SRL
2332	LA SOCIETE S.R.L.
2455	DICKSON S.R.L.
2014	ALPES MANIFATTURA FILATI S.P.A.
2543	PAMA S.R.L.
2566	BACKSTAGE SRL
1306	CONFEZIONI PANGO SPA
2055	FANTASIA SAS DI COMPARIN CARLA & C.
594	PRIMA S.R.L
2280	NEXT OBJECTIVE SRL
1043	NASTRITESSUTI S.R.L.
2535	EUROTESSILE S.P.A.
1922	PROJECT SNC DI MANFREN ELISABETTA & C.
1924	DENIM INN SRL
2009	TAGLIERIA FAST S.R.L.
2032	MB CONFEZIONI SRL
2000	MAINETTI S.P.A.
2169	LIFESUX S.R.L.
1280	LARDINI SRL
2237	ONWARD LUXURY GROUP S.P.A. A SOCIO UNICO
2314	CIFRA SPA
2366	PEUTEREY SRL
2576	PESPOW ITALY S.R.L.
1197	EUROMARK INDUSTRIES S.R.L.
1390	MION S.P.A.
2143	PACI SRL SOCIETA' UNIPERSONALE
2362	LABORATORIO MAGLIERIA GIURIN ANTONIA
1937	EASTYLE S.R.L.
2393	MANYFORM S.R.L.
2152	CALZIMAGLIFICIO CARNIEL & RIZZO S.N.C.
1330	VACCARI ROMINA
1507	SIGGI GROUP S.P.A.
1928	ZANELLA INTERNATIONAL S.R.L.
1853	REDS DISTRIBUTION SRL
12	BASE S.R.L.
1186	CONF.ENERGY S.R.L.
819	FAEDA CONCERIA SPA
15	GREEN STAR S.R.L.
909	IMMAGINE DI FANTON SUSANNA
1428	DISTRIBUZIONE ITALIANA ABBIGLIAMENTO SRL
1331	KINTERNATIONAL SRL
13	LINDOS CONFEZIONI S.R.L.
1696	PELLBASS S.N.C. DI CHEMELLO G.& C.
817	M.P.T.ITALIA SRL
1192	MODA SERVICE S.N.C. (PUNTO A CAPO)
1326	MORE FANTASY SRL
951	PATRI S.R.L.
1563	CALZATURIFICIO DUE BI S.R.L.
1239	FALCONERI SRL
1542	COSTUME D'IMMAGINE S.P.A.
1538	RED BOX INDUSTRY S.R.L.
1467	BRUNO'S S.P.A.
2048	LA PERLA MANUFACTURING S.R.L.
1469	FIVE-0 S.R.L.
1704	SECOND PROJECT SRL
770	C.P.A. SRL CENTRO PRODUZ.ABBIGLIAMENTO
1588	LANDINI SRL
1804	MEC SERVICE SNC
2116	SUNI S.R.L.
2100	ORIONE S.R.L.
1307	MAGICORAL SRL UNIPERSONALE
1335	NILVIA SRL
2011	MIB MANIFATTURE IN BASSANO S.R.L.
2253	CERBAI SRL
2059	CAMAC SRL
1992	J6 S.R.L.
1918	TRAPUNTATURA BEL PUNTO SRL
2446	GADES SRL
2071	ETRO S.P.A.
2374	ROSE & LINI SRL
2421	MANU SRL
2523	TESSITURA DI ALBIZZATE SRL
2518	ONCE MILANO S.R.L.
2522	CITY DUE S.R.L.
1699	A.T.A. S.N.C. DI TONELLO ADRIANO & C.
2541	DAMA S.R.L.
2057	CLOUDS S.R.L.
2399	KICKOFF SPA
2538	SERPAP SAS
2428	MEMAR SRL
2429	MGS COLLECTION SRL
2431	CONF.MAGLIERIA CRICKET S.R.L.
2517	DE.DO BROTHERS SRL
1947	HTC HOLLYWOOD TRADING COMPANY INT.S.R.L.
2189	LCB COMPANY S.R.L.
2407	CALZATURIFICIO JUMBO S.P.A.
1952	KUBERA-108 S.R.L.
401	XACUS S.R.L.
2177	GENTE DI MARE SRL
1493	VENTO DEL SUD S.R.L. SOC.UNIPERSONALE
2168	BLU' DUAL BAND SRL
2199	MAISON MEA S.R.L.
2207	AXIS SRL
2208	CARGERA S.R.L.
2192	EFFE MAGLIA SRL SEMPLIFICATA
2108	PEGNO GROUP S.R.L.
2544	AEFFE S.P.A.
1530	MARBERO S.R.L.
1437	KULTO SRL
1139	FAMENGO LUCIANO S.R.L. UNIPERSONALE
1970	STUDIO CONFEZIONI LAURA S.N.C.
1479	STUDIO FIOR LIDIA
1491	NUOVA NICOL S.R.L.
2176	OFFICINE SRL
2160	MAGLIFICIO FERDINANDA DI FIORIN E T. SRL
2149	SOTTOVENTO S.N.C. DI CHIOSSI J.& O.
2414	SOTTOVENTO S.R.L.
2229	IF S.R.L.
2477	COTONIFICIO RONGHI S.P.A.
2564	WOLFER SRL
464	MAGL.FIORE S.P.A.
1794	SPACE S.N.C. DI BOZZETTO GIULIA & C.
1578	CONF.MARY DI CALVARESI ROMEO & C. S.A.S.
1942	CONFEZIONI MARY S.R.L.
2333	ITT SRL
2526	BLUE ART SRL
2066	VICENZA MODE SRL UNIPERSONALE
2219	STET&CO DI STETCO MARIANA SNC
1896	CONFEZIONI CICALA S.R.L.
2257	PROGRAMMA ITALIA SRL
2278	POETIC SRL
2433	PASSAGGIO OBBLIGATO S.P.A. A SOCIO UNICO
1839	IS IT S.R.L.
2427	COMPLIT SRL
2139	ALESSIA SRL
2337	R.B.S. SRL
2565	L. PUCCI S.R.L.
2467	ALTER STUDIO S.R.L.
2542	4FF SRL
2499	AF CREATIONS S.R.L.
2372	SONIAVILLADESIGN SRLS A SOCIO UNICO
1921	GIRAVOLT S.R.L.
1288	LANIFICIO MARCHESIN SRL UNIPERSONALE
145	BABY CROSS S.R.L.
1665	TOP MAGLIA S.R.L.
1210	CONFEZIONI GAP S.R.L
2005	NUOVA BELLINI CONFEZIONI S.R.L.
1972	BELLINI ANTONELLA
1958	DEBBY LINE S.R.L.
1312	CAMICERIA SCABO DI BOLZONELLA SRL
1908	AREA B S.R.L.
2021	8 MARZO S.R.L.
2086	CIVIDINI SRL
1865	MUNDIAL SNC
1895	MORETTO MASSIMILIANO
206	CERBUL S.P.A.
1979	NEW SERVICE S.R.L. STIRERIA INDUSTRIALE
2105	FASHION BRAND S.R.L.S.
2035	NEW ENERGY S.R.L.
1222	BIAGIO SANTANIELLO INDUSTRIA ABB.
1850	TRINOVATION ITALY S.R.L.
2133	GRUPPO TESSILE LOGAMA SRL
1938	HOSTAGE S.R.L.
2269	GOSSIP S.R.L.
2539	ANTONELLI FIRENZE S.R.L.
2330	VISCONF SRL
1264	GIAB'S SRL
2241	MAY FIFTH PROJECT S.R.L.
2603	MOOVER SRL
2573	MIRCAM SRL CONFEZIONI
915	JEANS MARKET SRL
2617	GARBO SAS DI T.GABRIELLI & C.-GARBO LAB.
2357	CASUALLY SRL UNIPERSONALE
2347	NILA SAS
2383	MIAMI SRL
2524	VICO CAROLI S.R.L.
2465	SPS MANIFATTURE SRL
2457	FILODORO ITALY SRL
2495	OFICINAMANUFAKT DANIELAPI SRL
2406	BENIK SRL
2432	FACTORY SRL
2530	MIRIAM2 S.R.L.
615	STEFANEL S.P.A.
466	ZANELLA CONFEZIONI S.P.A.
490	CORNELIANI SPA
245	FASHION TOYS S.P.A.
342	TINTORIA ASTICO  S.R.L.
658	DAL LAGO SRL
1439	SERIGRAFIA ROSSI
462	INTERCOLOR S.A.
1440	G.V.CONSULTING SRL
354	AGAIN S.R.L.
58	GROTTO S.P.A.
79	LE CASTELARE S.R.L.
87	COTONIFICIO VENETO S.P.A.
1099	EMMETI di Marin Daniele
131	STAFF INTERNATIONAL S.P.A.
912	LI SENNAN
1387	TREVICONF S.R.L.
875	CA'DA MOSTO S.P.A.
386	PERIGEO S.R.L.
392	ATELIER STIMAMIGLIO S.R.L.
1067	BOGLIOLI S.P.A.
1068	INDUSTRIES S.P.A.
1070	GREEN MODE S.N.C. DI ZIGIOTTO L.
1078	VERTIGINE S.R.L.
1096	INDUSTRIE CONFEZIONI TESSILI SPA
1097	INDUSTRIE CONFEZIONI TESSILI SPA camp.
1425	GADES DI CAPPELLETTO MARGHERITA
1176	MODA SOURCING COMPANY S.R.L.
1106	MAGREB KNITWEAR EAST S.A
1259	FALKE FASHION
1403	MATTEAZZI CAZZOLA P.
755	HILDENBRAND FASHION-CREW GMBH
734	PRANDINA E CO. SRL
769	GRUPPO MANGANO SRL
1350	ESSECIEMME FASHION DI CARDIN SIMONE
1351	ALU SPA
1352	JECKERSON SPA
1131	PICCOLE COSE SRL
1133	MOFODESIGN SNC DI F.FAVARETTO & C.
1134	BURBERRY LTD
1356	VIERI VERONICA
123	SALGARI S.R.L. CAMP.
731	SINV S.P.A camp.
733	SINV S.P.A
735	SINV S.P.A lab.
1191	CONF.FULVIA S.N.C
1358	CONFEZIONI NAIT DI NAIT BOUSSALEM BRAHIM
1152	.CHEMICAL AND COLOR FOR TEXTILE SL-INTRA
1370	BALLANTYNE CASHMERE S.P.A.
1158	TODDY di Maria Grazia Boschiero
1382	BENIND S.P.A.
1392	TESSITURA ROSSI S.P.A.
1164	HOLLIBEAR S.R.L.
857	MARINO INDUSTRIA CONFEZIONI SRL
626	CRISBI S.R.L.
956	TESSAROLO AGNESE
960	INTERWASH S.R.L.
1443	BASIC NET SPA
1013	BENCOM S.R.L.
1457	ESTEVE AGUILERA S.A.U.
647	ELEMENTE CLEMENTE GMBH
999999	INTEX SRL
1459	AVANTEC DE FRANCESCHI S.R.L.
1295	GELDIFF SRL
1468	E.MIROGLIO S.R.L.
1473	NEWCONI DI FAGGION ANGELO
1477	TWENTY NINE S.R.L.
1510	STUDIO ZETA CONSULTING DI ZORDAN WALTER
1511	IOP S.R.L.
1526	FFI GLOBAL SRL
1532	TREGI TESSILE S.R.L.
1529	BLACK STUDIO S.R.L.
1533	CRISTEXTIL - CONFECCAO LDA
1535	UNIQUE FASHION & TRADING GMBH
1539	ITMAC S.R.L.
1544	KYO S.R.L.
1547	ERRETI SERVIZI TESSILI DI TOMMASI R.
1554	SO.DA. S.N.C.DI VISENTINI DAVIDE &C.
1561	B DESIGN S.R.L.
1567	ACQUAMARINA S.R.L.
9969	.THOMAS
1213	IN.CO SPA
1237	VALENTINO SPA
1268	SISCO SRL
1276	RE_MODE SRL UNIPERSONALE
1379	MATTEO CIBIC STUDIO
1446	GOA CORPORATION S.R.L.
1494	MIDI SRL
1517	S.C. VENARDO S.R.L.
1489	CONF.SARTORIALE TOSCANA SRL
1120	CALZATURIFICIO PERON SRL
9973	.CA' DEI SARTI
9972	.PHARD S.P.A.
1605	ROBERTSON OF DUMFRIES S.R.L.
1144	.S.C.INTERCOLOR - OPER.INTRACOMUNIT.
9971	. 215 SRL
9970	.TAPA-TAPA DI S.FONTANA
1395	BEACH COMPANY S.R.L.
1523	S.E.M.  S.R.L.
1596	PERGJEGAJ LEANDRO
1615	MINI B S.R.L.
1546	DINO'S FACTORY S.R.L.
9995	..MARELLA - GRUPPO MAXMARA
9994	...MARELLA - GRUPPO MAXMARA ROMANIA
9993	.CAPOREA SRL
9992	.PIERRE MANTOUX S.R.L.
9990	.CONF. F.LLI MOLINARI S.R.L.
9989	.ELISA CREAZIONI S.R.L.
9988	.TESSILBERICA S.R.L.
9987	.RICAMIFICIO MIGRA di Moretto Graziella
9986	.NIKI CONFEZIONI S.R.L.
9985	.NOITEX S.R.L.
1369	PALLADIO SICUREZZA SAS
1476	PORTS 1961 S.P.A.
9984	.LUCAS MODA
1623	DEA S.R.L.
9982	.ARGENTO FASHION COMPANY S.R.L.
9981	.COTTON SRL
9891	.Produttori Moda Noi srl
9980	.ENERGIA SOLARE S.C.S.ONLUS
9979	.CONFSPORT S.R.L.
9977	.IND. CONF. TESSILI SPA/INTERCOLOR
9976	.G.B. INTERNATIONAL SPA
1200	STAFF INTERNATIONAL S.P.A CAMP.
1149	WORK AND FASHION S.R.L.
918	TESSITURA LOPREIATO LORIS
934	FVL S.R.L.
939	OLIMPIAS S.P.A.
944	ARTEMAGLIA FASHION SRL
1290	D-B SAS DI SGARBOSSA MERIELLA & C.
1122	MILAR S.R.L.
1309	AB VILKMA
1028	CONF.F.LLI MOLINARI
1051	WINCH S.R.L.
1410	C.G. FASHION CONSULTING S.R.L.
1503	LONGO & C. S.R.L.
1601	CECCATO AUTOMOBILI SPA - CON SOCIO UNICO
1618	ALESSANDRO TERZI
1534	BUCUNTORO S.N.C. DI MARCO MAGRINI E SMAN
1611	BELSTAFF SRL
1180	ZANONE S.R.L.
1183	PIANETA TERRA S.R.L.
1303	CAVALLO MATTO di Monica Lopez
1232	ELDO SRL
1287	S.A.I. SRL
1301	B DUE S.N.C.
1311	KORAIK MUSTAPHA
1313	PIOVESE FASHION SRL
1251	LIU JO SPA
1253	FE.BE DI BENETTI CARLA&C SAS
1337	BRANCUS SRL
1340	.AB VILKMA - OPER. INTRA
1341	HOUSE OF JEANS SRL
1343	RING TEXTILE PRODUCTION RTP S.R.L.
1289	"G.M.T." LTD
215	CRISTIANO DI THIENE SPA
1397	ROOR S.N.C. DI ROVELLI A&C PROD ABBIGL.
1411	LIGHT FORCE S.P.A.
1423	CONFEZIONI 2P DI PENON GIAMPAOLO&C SAS
1461	MARINA RINALDI S.R.L.
1481	PRANDINA ANDREA
1519	NOEMY S.R.L.
1566	WAY OUT S.R.L.
1607	PELLEROSSA S.R.L.
1613	MANIFATTURE DEL NORD SRL UNIPERSONALE
5	DIESEL SPA
297	ZAITEX SPA
513	COLOR SERVICE SRL
742	KUFNER ITALIA SPA
867	CERVOTESSILE SPA
9978	.SORTONI
9975	.GIANCARLO CRACCO
9974	.GALLO ALESSANDRO SRL
1212	ROMWEAR SERVICE SRL
1245	GUALTIERO SRL
1297	MAGLIFICIO COLOMBO SRL
1300	UNITED 1 S.R.L.
1302	MARZOTTO SPA-DIV.TESSUTI DI SONDRIO
1241	ISSEI FUJITA
1255	AKRIS PRET-A-PORTER
1442	CHRISTIA SRL
1445	RING SRL
1604	CIOCCA SPA
1422	SLOWEAR SPA
1431	FASHION BOX S.P.A.
9003	LISTINO INTEX NUOVO
1636	PRO-FIT SERVICE S.R.L.
1642	PROGETTO UNO SRL
1645	MAGLIERIA CANOVA S.C.
1648	KANYE WEST LTD
1649	FRANCETICH SRL
1652	CONTENITORE S.R.L. SOCIO UNICO
1653	SLOWEAR SPA
1655	ZELECO S.P.A.
1658	MARYCONF SAS DI CUSINATO CAROLINA&C.
1662	NCB SRL
465	G.ZANNINI S.R.L.
472	MIROGLIO FASHION SRL
1624	FACE LOOK DI ANDREA SINIGAGLIA
9000	LISTINO INTEX
1346	SFASCIONABLE SRL
1372	BLUEKIWI SRL
1435	CIBIC MATTEO
1455	M&C TRADING S.R.L.
1474	DUELLE INDUSTRIA S.R.L. UNIPERSONALE
1528	INTERCOLOR S.R.L.
1584	TIMAVO & TIVENE S.R.L.
1616	HOT STUFF SERVICE DI POVOLO SILVANO
1585	AR-TE S.R.L. SOCIETA' UNIPERSONALE
1316	.HUNTSMAN A.M. GMBH - REVERSE CHANGE
1318	TESINA SRL
1320	L.F. SRL
1868	TOMAS MAIER ITALIA SRL - SOC. UNIPERS.
1870	FENDI S.R.L.
1676	.PELLETTERIA BRENTA
1681	.EXCLUSIVE ATELIER
1712	IMAX S.R.L. UNIPERSONALE
1729	J PROJECT S.R.L.
1731	VITALE GIOVANNA
1733	LUBIAM MODA PER L'UOMO S.P.A.
1743	I.DIS.COM S.R.L.
1752	.EKTOS S.A.S. - OPERAZ. INTRACOMUNITARIE
1778	TRAMA S.R.L.
1797	.EDILCOLOR DI REMIGI A.-REV. CHARGE
1806	.P.R. SAS - REV. CHARGE
1807	.GREEN'ING SARL - OPER. INTRA
1815	.CARE APPLICATIONS SLU - OPER. INTRA
1727	MINI ATELIER S.N.C. DI TRENTO G. E BERTO
1732	WORKSSTUDIO DI GASPAROTTO DAVIDE
1735	PRADA SPA
1738	CALZATURIFICIO TELEMACO SRL
1763	OLIMPIAS GROUP S.R.L.
1773	NONFARMALE FABIO
1779	GENTILINI S.R.L.
1783	EASTYLE S.A.S.
1799	ISIG S.R.L.
1818	.MUNICHFABRICSTART EXHIBITIONS GMBH
1819	.ELA SIST. ELETTRONICI SRL-REV. CHARGE
1840	.GUGLIELMI MASSIMILIANO-REV. CHARGE
1682	PAPAVE DI GALLINA GIACOMO
1262	CONSITEX SA - MANUFACTURING DIVISION
1165	DESTRO DIFFUSIONE S.R.L.
1427	OPIEFFE S.R.L.
1500	MARCO POLO S.R.L.
1581	SAGITTA S.R.L.
1360	DIADORA S.P.A.
1361	G.A. OPERATIONS SPA
1386	OUT-OUT S.R.L.
1434	FACTORY OUTLET S.R.L.
181	MIELE LORENZO & C S.N.C.
9002	LISTINO INTEX B
1478	ITTIERRE S.P.A.
1488	LUMEN ET UMBRA S.R.L.
1520	SEDICO IMMOBILIARE S.R.L.
1558	B-CORPORATE S.R.L.
961	SPORTS & WEAR DI MARIN P.&C S.N.C.
9001	LISTINO INTEX M
1462	FASHION & CO.GROUP S.R.L.
1490	COTONIFICIO HONEGGER S.P.A. SOC.UNIPERS.
1521	ITALPLASTIC INDUSTRIALE S.P.A.
1527	ND LOGISTICS ITALIA S.P.A.
1565	C.F. RICAMI DI TONELLO FABIO DOMENICO
1598	EMISFER S.R.L.
1627	VISCONTI MARIO
1629	OFFICINA MODA S.R.L.
1634	CO.MA.TESS. S.N.C.
1635	.X-RITE GRETAGMACBET GMBH - OPERAZ.INTRA
1630	LUISA CONFEZIONI DI MA ZHONGLIN
1715	ALBION ITALY S.R.L.
1717	HIGH FASHION EUROPA S.R.L.
1740	.KEMIRA OYJ - REV. CHARGE
1755	P.A.R.O.S.H. P.R. S.P.A.
1767	TOM KERK S.R.L.
1798	FRANKLIN & MARSHALL S.R.L.
2080	LUIGI FEDELI & FIGLIO S.R.L.
1886	.RETI S.R.L. - REV. CHARGE
1900	.VALLE ALESSANDRO - REV. CHARGE
1944	FREUDENBERG S.P.A.
10000	INTEX SHOWROOM
1978	.ENERTEC SRL - REV. CHARGE
2033	.PANTONE LLC - OPERAZ.INTRACOMUNITARIE
2083	S.A.L.G.A.R.I. KNIT S.R.L.
1875	TROPHEE PAUL TAYLOR DIVISION SRL
2029	BENETTON GROUP SRL
2051	MARCO BIANCHINI
2060	RED5 SRL
2063	MANO AMICA SOCIETA COOPERATIVA SOCIALE
2065	.DAL SANTO MAURO SCAVI REV. CHARGE
2094	LAUTRE SRLS
2098	RODA LAB 2.0 S.R.L.
2106	BESTE S.P.A.
1926	ALCON ITALIA SRL
1939	CONFSPORT SRL
1940	STAMPERIA RECLAMES S.N.C.
1957	E.V.A. MODE S.R.L.
2015	NIKE 360 HOLDING B.V. - ITALY BRANCH
1759	RONCHI BAGS DI RONCHI CARLO
1796	PALMA S.A.S.
1846	.S.C. VENARDO-OPER. INTRACOMUNITARIE
1672	MATTEO PALA
1692	MAS LOGISTICS S.R.L.
1705	THE SERV. IN TQ DI SCHIAVON MAURIZIO
1730	BOTTEGA VENETA S.R.L.
1751	GPL BRAND S.R.L.
1761	FROGS SRL
1769	FINISSAGGIO JOLLY S.R.L.
1790	GIALEX DI GARNIER GIOVANNI
1851	ALCHEMY 1 DI VOLPATO MASSIMILIANO
1860	CREAZIONI PF 69 DI FERRANDINO PIETRO
1688	CONFEZIONE VIVIENNE DI E.CORNOLTI&C.SNC
1710	ALCOTEX S.R.L.
1757	MARZOTTO LAB S.R.L.
1820	GIALEX DI CARNIEL GIOVANNI
1828	ESTROPRINT DI FARRONATO ELISABETTA
1835	INDUSTRIA 9 S.R.L.
1844	.P.A.S.S. SRL - REV. CHARGE
1685	MASSIMO ALBA S.R.L. UNIPERSONALE
1693	BISSON AUTO S.P.A.
1713	A-TT S.R.L.
1750	FABI S.P.A.
1782	EMMETI S.R.L.
1784	BHOME DI ELISABETTA DAL PRA'
1813	VICENZA MANUFACTURING SRL
1859	E...DUE DESIGN
1861	CREAZIONI ETHEL S.N.C.
1867	MAGLIFICIO GHIDOTTI S.R.L.
1884	COMPTOIR DES COTONNIERS SAS
1887	ROSSO FUOCO DI JIN XIAOWEI
1906	ESSEDI SVILUPPO CLIENTI S.A.S.
1930	IMPERIAL S.P.A.
1945	LODENFREY MENSWEAR GMBH
1968	AM S.R.L.
1969	GIEFFE S.R.L.S
1980	JEANS SERVICE S.R.L.
2026	LA SARTORIA DI LIZABETH DI MURAROTTO V.
2061	.GLOBAL SECURITY SRL-REV. CHARGE
2064	EFFE GROUP S.R.L.
2069	TIM S.R.L.
1949	AL DUCA D'AOSTA SPA
1950	DAMA SPA
1951	SAFA TAGHIZADEH
1961	TOMBOLINI INDUSTRIE SRL
1995	FIMAUTO S.P.A.
2013	STCR LLC
2036	ITALIANSTRIPE SRL
2148	C. TESSILE S.P.A.
2151	L.I.M. SRL
2221	NATURTEX WOOL LTD, FEATHER AND DOWN PROC
2248	NATIVE STUDIO APS
2258	STUDIO CHIASSAI S.R.L.
2268	TAVEX EUROPE SL
2271	GIORGIO ARMANI S.P.A.
2272	DEFRA S.R.L.
2281	JORDANLUCA LTD
2114	THE NORTH FACE, DIV.OF VF OUTDOOR, LLC
2128	ACNE STUDIOS AB
2130	PVH CORP. MCDONOUGH 54
2132	ERWIN HANEL DESIGN
2134	B-STYLE S.R.L.
2135	SERVICE & CLOTHING ITALIA SRL
2136	ERWIN HANEL
2164	JM DREAMS S.R.L.S.
2174	TITANUS S.R.L.
10003	LISTINO 051913 C
10001	LISTINO 05191 A
10002	LISTINO 051912 B
2198	CLEAN WASH SRL
2202	KRIZIA INTERNATIONAL S.R.L. SOCIO UNICO
2209	GIANNI VERSACE SRL
2211	CARLO BONOMI 1960 DIV.OF DUCA VISCONTI
2212	CHRISTIAN DIOR COUTURE
2230	KAIZEN S.R.L.
2112	CALVIN KLEIN INC.
2141	EZI S.P.A.
2016	GYD.K S.R.L.S.
2027	MARZOTTO WOOL MANUFACTURING S.R.L.
2088	MINGAZZINI S.R.L.
2089	F.G. 1936 S.R.L.
1892	GIRELLI BRUNI GUALTIERO
1905	MANIFATTURA LORO PIANA S.R.L.
2039	OFFWHITE OPERATING S.R.L.
2044	OMEN HANDELSGESELLSCHAFT MBH
2091	FOUR TEN INDUSTRY S.R.L.
2092	ETS ITALY S.R.L.
2096	MORO PIGATTI HOME SRL
1919	STUDIO MILANI
1934	TRISTATE INTERNATIONAL SA
1959	LANEUS GROUP SRL
1963	MARTUCCI TERESA S.R.L.
1977	CAMICERIA MARIA SANTANGELO S.R.L.
2004	I.C.S. "STAG TEXTILE INDUSTRY" S.A.
2040	.S.A.T. SRL - REVERSE CHARGE
2046	FILTESS EXPORT S.R.L.
2087	PRETTY SOCIETA' COOPERATIVA
2093	MOOD SRL
1903	ROBERTSON S.R.L.
1931	BLC S.A.S. DI BAU' LUCA & C.
1971	AREA 62 S.R.L.
1975	Z-SERVICE SRL
1976	TOMBOLINI S.R.L.
1982	MICHELA TRICOTS S.R.L.S.
2012	PROGETTO L.C. DI LARA CANAL
2018	CENTROSTAMPASCHIO S.R.L.
1916	LANIFICIO ANGELICO SRL
2286	BIANCOSPINO SRL
2303	TWINS SRL
2324	HIDDEN GARAGE DI STEFANO CORRADIN
2345	OAKHILL LUXURY LTD SCHOLA TESTORI
2346	MISSONI SPA
9983	.AVIREX EUROPE
1524	STILL LIFE S.R.L.
1332	SILE 24 SRL
1454	RUNAWAY JEANS COMPANY DI TOSIN GIOVANNI
1388	MARLINO GMBH
1725	SUPER COMPANY S.R.L.
1708	HOMME SRL
1808	CLAUDIO TONELLO S.R.L. SOCIETA' UNIPERS.
1854	MONDIA LEGEND SARL
9900	INTEX COMMERCIALIZZATO
2298	PELLBASS SRL
2334	TRAMAROSSA SRL
2335	GECOFFICE S.P.A.
2336	FRANZAN RIFINIZIONE TESSUTI S.A.S.
2350	MECANICO DI LAURA CORONA
2363	DENIM SERVICE SRL
2365	FINESTKATE DI FASOLO CATERINA
2368	JSTORE
2373	BRAVE KID S.R.L.
2378	SATOR SRLS
2379	FORIN SILVANA - CONFEZIONI E MAGLIERIE
2387	PA.RO. SRL
2394	MABLA S.R.L.
2299	LAB.MS SRL
2310	RHONE APPAREL INC
2312	EDDY RICAMI PROJECT SRL
2322	MALTAURO ROTTAMI S.R.L.
2328	MALO SPA
2360	MONCLER S.P.A.
2376	J.KYX S.R.L.
2390	TOSCANO COLLEZIONI SRL
10004	LISTINO 051914 D
2402	ALROUBAIA TEXTILE CO.
2403	ROGER-STYLE-DI DAL MORO SIMONE
2405	TAURO SIMONE
2415	GABRIELA HEARST LLC R.F. A. BARTOLOZZI
2420	MANIFATTURE TESSILI SRL
2423	BRAND SOURCING SRL
2425	M.B. S.R.L.S.
2196	NEWTON S.R.L.
2204	GOOD HABITS SRLS
2236	INTERMEDIAZIONI QUARTA S.R.L.
2249	THE STYLE FACTORY SRL
2252	LUXURY TINA SRL
2254	LTA S.R.L. SOCIETA' UNIPERSONALE
2156	SCOUT S.R.L.
2162	MAGLIERIA GEMMA S.R.L.
2182	BRANDING PRO S.R.L.
2183	FASHION GROUP S.R.L.
2184	TRISTATE INT. SA-R.F.VEGA CENTRO EDP SRL
2203	BOND FACTORY HEADQUARTERS&MANUFACTURING
2210	PAURA SRL
2227	D D P S.N.C. DI FACCHIN D.F.& C.
2276	PITTI IMMAGINE S.R.L.
2283	YAGI & CO.LTD
2123	CORTE VENETA S.R.L.
2146	BLACK JAMM LTD
2220	PHIL PETTER KNITWEAR GMBH
2265	FORSTER ROHNER AG
2111	CONFEZIONI MODA ITALIA S.R.L.
2154	TIKKA S.R.L.
2157	DUCA VISCONTI DI MODRONE S.P.A.
2181	FASHIONSTYLE DI DELL'ORTO GABRIELE
2232	ROSSANO PERINI SRLS UNIPERSONALE
2233	BERTO E.G. INDUSTRIA TESSILE S.R.L.
2118	BORAGIO V.O.F.
2145	L.A. CAMICIERIA SRLS
2158	GISTT FASHION SRL
2178	DE AMBROGIO MARIA CECILIA
2214	L'ACCESSORIO SRL
2242	DRESSLER BEKEID.BRINKMANN GMBH & CO.
2386	LEU DUMITRU
2302	GARTNER TRADE S.R.L.
2308	ETOMILU SRL
2316	SAVE THE DUCK S.P.A.
2320	0220 SRL
2343	LAB 28 SAS DI MASSIMILIANO MORETTO & C.
2344	GIVENCHY SA
1277	OPIFICIUM SRL
1398	NAPOLEONE ERBA S.R.L.
9991	.FAMENGO LUCIANO
2463	NORTH SAILS APPAREL S.P.A. SOC.BENEFIT
2466	SPS MANIFATTURE SRL
897	LORO PIANA SPA
2500	TO BEBAY SRL
2553	MOMENTUM CASHMERE SRL
2560	JINGHI SAS
2451	S.P. COTTON SRL
2476	CAMICIERIA GREEN DI XUE MINGDIAN
2486	L.C.A. SRL
2505	BMA SRL
2506	CATAPANO SRL
2508	TESANDCOM S.R.L.
2510	B2U S.R.L.
2430	SERVICE BOX SRL
2289	GRECO FASHION MANUFACTORING SRLS
2300	ARIES ARISE LIMITED
2301	BALLIN INC
2306	DIKE SRL
2341	50'FIFTY CORP. S.R.L.
2356	GRIVEC BROS DENIM SUPPLY & REPAIR
2377	ERMENENGILDO ZEGNA HOLDITALIA SPA
2384	S.C. GARMENT OPERATIONS S.R.L.
2385	MARYGRACE S.R.L.
2389	TRENDY TESSILE DI COLZI GIANNI
2409	CATRIA CONFEZIONI S.P.A.
2422	BON BON DI BENATTI ORNELLA
2434	ONE IRON S.R.L. SOCIETA' CON UNICO SOCIO
2443	NUOVA ERREBI S.R.L.
2307	DURKHOUSE
2319	STUDIO MODA MN S.R.L.S. UNIPERSONALE
2358	VUKNIT D.O.O.
2380	SPACCIO 54 SRL SEMP.S.L.
2382	DSQUARED2 S.P.A.
2418	FABBRICA 247 SRLS
2437	KNITWORKS DI ROBERTA GOLFETTO
2438	XIA ZHENGRU
2439	STIL NOVO SRL
2440	RUDE RIDERS S.R.L.
2444	SPOT S.A.S. DI STEFANO TURK & C.
2445	MOVE SRL
2285	MAISON BOHEMIEN SRL
2287	YVES SAINT LAURENT DEVELOPMENT SRL
2288	ST.BARTH SRL
2294	ALP SRL
2296	F.V.L. SRL
2338	INITALY S.R.L.
2342	JC INDUSTRY SPA
2348	JETROS SRLS
2349	BOTTEGA VENETA LOGISTICA SRL
2352	FASHION WEAR SRL
2355	L'ESTRANGE LONDON LTD
2410	DAYTONA APPAREL GROUP
2411	LA-RI SRL
2417	CALZATURIFICIO BMG SRL
2293	ACCOPPIATURA DI ASOLO S.P.A.
2295	HOLUBAR EUROPE SRL
2313	HATICO MODE GMBH
2317	AMGROUP SRL
2325	TRIDENTE SRL
2331	12THMAN SRL
2023	GERMIN GROUP SRL
2038	ANN DEMEULEMEESTER
1989	VENICE S.R.L.
2020	.I.C.S. STAG S.A.-R.FISC.BESSEGATO SRL
2622	SEEN USERS SRL
2620	GARBO FASHION LAB SRL
2624	BOSCHINONI SRL
2626	PHOEBE PHILO LTD
2627	JANCO SRL
2655	BANANA BLUE SRL UNIPERSONALE
2630	AFP CLOTHING DI GASPARATO PAOLO
2657	VEE COLLECTIVE GMBH
2658	BLOCK INDUSTRIES SRL
2628	FEN SRL
2659	TEXSERVICE EOOD
2782	CALT SNC DI CASTIGLIONI ANDREA & C.
2785	CONFEZIONE CALI' DI FALCETTA&C
2670	CRISDEN S.R.L.
2787	I&C TRADE S.R.L.
2629	OPIFICIO CANALI S.R.L.
2580	AGON SSDRL
2786	SMART S.P.A.
2621	SUMMIT PEAK LLC
2596	MARYBERT SRL
2462	AREA 5 SRL
2498	MIUR S.R.L.
2513	GREEN MODE SERVICE SRL
2537	VENETO LAVORO
2552	MUSELLA S.R.L.
2554	FRAGOMENI GROUP S.R.L.
2561	AUTOESPORTO DI LEVORATO MICHELE
2577	BONSAI STUDIO S.R.L.
2599	MA GUANGYU
2609	B.L.M. TRASPORTI S.R.L.
2611	CASCONE & CO. ITALIA SRL
2614	CREATIVE TIME S.R.L.
2615	PASTICCERIA FILIPPI SRL SOC. BENEFIT
2450	KLEOS DI MARIA CLELIA PESAVENTO
2456	AGNONA S.R.L.
2478	KOLON INDUSTRIES INC.
2479	ROZEMEYER MODE
2484	WEAPON DESIGN SLU
2529	ARMARIUM S.R.L.
2536	NASTRIFICIO VICTOR S.P.A.
2570	ALEXANDER MCQUEEN LOGISTICA SRL
2575	SIMON S.N.C.
2591	NEXSTYLE S.R.L.
2568	TIMELESS SRLS
801	I.OP SRL INTERNATIONAL OPPORTUNITY
2623	CIEMME SAS DI GAMBERONI M. & C.
1739	CHAMONIX SRL
1711	CHAMONIX S.R.L.
1184	TWINSG FASHION COMPANY
1265	CONFEZIONI REVERENNA S.R.L.
2195	EGG S.R.L.
1620	PETITS TRICOT S.R.L.
914	TEXLINO S.P.A.
2215	OPILILAI DI VERONICA BONESCHI
1545	AURORA STYLE S.R.L.
1602	CAPPIO TESSUTI S.R.L.
1516	BOTTARO SRL
2079	ANNA SCARPATI S.R.L.
810	ACTIVE FASHION S.R.L.
1571	ITALBRAND DI PERPIGNANO NICOLA
1069	VICTORIA S.R.L.
1282	MARNI SRL
2240	JOYCE SRL
1548	TAILOR SPEC. SRL
389	MABRUN S.P.A.
1675	CONTIN PLAST S.R.L.
1582	LINEASTIRO S.R.L.
1866	NEXIA SRL
1258	ET ROSA S.R.L.
1426	GAMOL S.R.L.
887	DERSA SRL
359	DEIMOS S.P.A.
1762	ZANATTA STEFANO & C. S.N.C.
672	FASHION PARK S.R.L.
2186	MIMÙ S.R.L.S.
1555	J.A.T. S.P.A.
797	BROTHER & BROTHER S.R.L.
1591	PROFESSIONAL SERVICE S.N.C.
1666	MAGLIFICIO SABRINA S.R.L.
1589	BRUE' SPA
2058	SOUVENIR SRL
1753	FOREST SRL
2652	AURORA MAGLIFICIO SRL
1495	BRUNA BONDANELLI & C. S.N.C. DI BONDANEL
2375	EN.ZI.MA SRL
1299	MAGLIFICIO BASSAN DI BASSAN O.&C. SNC
980	MAGL.CREAZIONI ALICE SRL
1286	LA KICCA SRL
192	GNOATO S.R.L.
1408	A.M.F SPA
1485	MANIFATTURA SARTORI SAS DI CHIAVEGATO S.
400	B.C.INTERNATIONAL S.R.L.
1308	BLUE WOOL SRL
645	CLOTHING COMPANY S.P.A.
1832	TESSITURA MONTI S.P.A.
329	CONF.CASTELLI S.P.A. CAMICERIA
631	CONF.CASTELLI S.P.A CAMPIONARIO
1355	CARLO ACTIS SRL
1236	IDEA S.P.A.
1536	THE TAILOR PATTERN S. DI BERTO ALESSIO
1583	PAOLA SPORT S.A.S. ABBIGLIAMENTO
1603	DALDE S.R.L. IN LIQUIDAZIONE
50	G M 2 S.N.C. DI ROSSATO M.&C.
1644	WAIP SNC DI PIANALTO SEVERINO &C.
1856	WAIP S.N.C. DI MASSIMO E ENRICO PIANALTO
1687	MAGLIFICIO DI MOMO S.R.L. A SOCIO UNICO
1703	RINO MASTROTTO GROUP S.P.A.
1721	CUCITO S.R.L.
1722	IMAP EXPORT S.P.A.
1723	DEBBY LINE GROUP S.R.L.
1726	COPEN GROUP S.R.L.
1608	RICAMIFICIO 3V S.R.L.
1466	I GIANBURRASCA S.R.L.
1855	CONFEZIONI JOLE S.R.L.
1736	MANIFATTURA ITALIANA CUCIRINI S.P.A.
1929	NOITEX SRL
1768	G.M. SRL
447	PROJECT SRL
1841	GIRELLI BRUNI SRL
1795	G D M S.R.L. GROUP DESIGN MODA
1825	VESTINVOGA S.R.L.
1864	DKS CONFEZIONI SRL
1858	AMEDEO FERRANTE S.R.L.
2442	FERRANTE BRANDS S.R.L.
1562	IMATES S.R.L.
1741	FASHION INDUSTRY S.R.L.
1936	STARTESS ABRUZZO SOC. COOP A R.L.
262	FLOWER SRL
1689	DENIS S.R.L.
1224	AGNENSE MANIFATTURA SRL
2068	THE STORE S.R.L.
2180	CDIVERTIAMO S.R.L. UNIPERSONALE
2448	PM S.R.L.
2485	GHOUD VENICE SRL
644	FREDDY SPA
2592	READY GARMENT TECHNOLOGY 2.0 S.R.L.
2593	PRO SERVICE S.C.S.
2601	PEZZO DI STUDIO S.R.L.
2449	TOM FORD DISTRIBUTION SRL
2474	ALESSANDRO RAGAZZO
2475	PISANO SRL
2481	GIVENCHY SA RAPPRESENTANTE FISCALE
2482	ZENO APPAREL BCN, SL
2494	GABRIELA HEARST ITALIA
2509	ALKB CO.LTD
2516	RILANCIO SRL
2540	DIVINE ROSE SRL
2650	FERRARI SPA
2594	JACOB COHEN COMPANY SPA
2597	STUDIO DELLA MODA SRL
2598	CARRINGTON HULL ASSOCIATES LTD T/A DRAK
2602	G.D.M. AUTO S.R.L.
2604	CGM SRL
2487	M SYMBOL GROUP S.P.A.
2489	FITT S.R.L.
2528	BLUE BROKER INC. DBA ROLAND CALDWELL
2555	DOLCE & GABBANA S.R.L.
2556	SEALUP S.R.L.
2558	CHEIL INDUSTRIES ITALY SRL
2589	LUIGI PAOLO CAPPELLI
2606	C.NO. SRL
2616	CONQUEROR'S SRL A SOCIO UNICO
2458	ZERO LIMITS SNC DI GRAZIOSI S. E TURCO E
2468	GAS MILANO 1984 S.P.A.
2488	FITT S.R.L.
2504	OPTIONS DISTRIBUTION LTD
2511	CANALI S.P.A. UNIPERSONALE
2512	ITALIAN FASHION PATTERNS SRL
2520	ACROSS S.R.L.
2531	CIRIC DANIEL
2533	QUAKE S.R.L. A SOCIO UNICO
10010	PREMIERE VISIONPRESSO SUPERSTUDIO
2595	EREVAN PARIS SAS MRL
2619	ADDOSSO DE POLI SARA
\.


--
-- Name: clienti clienti_pkey; Type: CONSTRAINT; Schema: public; Owner: postgres
--

ALTER TABLE ONLY public.clienti
    ADD CONSTRAINT clienti_pkey PRIMARY KEY (codice);


--
-- PostgreSQL database dump complete
--

